club,name,age,nationality,position,short_pos,market_value,dealing_club,dealing_country,fee,movement,window,league,season,is_loan,loan_status
Akhisar Belediyespor,Abdulkadir Özdemir,24,Turkey,Defensive Midfield,DM,,Trabzonspor,Turkey,,in,summer,Super Lig,2015,False,
Akhisar Belediyespor,Caner Osmanpaşa,27,Turkey,Centre-Back,CB,,Trabzonspor,Turkey,,in,summer,Super Lig,2015,False,
Akhisar Belediyespor,Fatih Öztürk,28,Turkey,Goalkeeper,GK,,Trabzonspor,Turkey,0.0,in,summer,Super Lig,2015,False,
Akhisar Belediyespor,Aykut Çeviker,25,Turkey,Defensive Midfield,DM,,Balikesirspor,Turkey,0.0,in,summer,Super Lig,2015,False,
Akhisar Belediyespor,Milan Lukac,29,Serbia,Goalkeeper,GK,,Partizan,Serbia,0.0,in,summer,Super Lig,2015,False,
Akhisar Belediyespor,Landry N'Guémo,29,Cameroon,Defensive Midfield,DM,,Saint-Étienne,France,0.0,in,summer,Super Lig,2015,False,
Akhisar Belediyespor,Hugo Rodallega,30,Colombia,Centre-Forward,CF,,Fulham,England,0.0,in,summer,Super Lig,2015,False,
Akhisar Belediyespor,Hasan Kabze,33,Turkey,Centre-Forward,CF,,Konyaspor,Turkey,0.0,in,summer,Super Lig,2015,False,
Akhisar Belediyespor,Bora Körk,35,Turkey,Goalkeeper,GK,,Sanliurfaspor,Turkey,0.0,in,summer,Super Lig,2015,False,
Akhisar Belediyespor,Kadir Keleş,27,Turkey,Left-Back,LB,,Trabzonspor,Turkey,,in,summer,Super Lig,2015,False,
Akhisar Belediyespor,Onur Ayık,25,Turkey,Right Winger,RW,,Karabükspor,Turkey,,in,summer,Super Lig,2015,False,
Akhisar Belediyespor,Mervan Çelik,25,Sweden,Left Winger,LW,,Genclerbirligi,Turkey,,in,summer,Super Lig,2015,False,
Akhisar Belediyespor,Halil Çolak,27,Turkey,Left Winger,LW,,Without Club,,,in,summer,Super Lig,2015,False,
Akhisar Belediyespor,Bahattin Köse,24,Turkey,Centre-Forward,CF,,Manisaspor,Turkey,0.0,out,summer,Super Lig,2015,False,
Akhisar Belediyespor,Koray Arslan,31,Turkey,Right-Back,RB,,Antalyaspor,Turkey,0.0,out,summer,Super Lig,2015,False,
Akhisar Belediyespor,Didier Zokora,34,Cote d'Ivoire,Defensive Midfield,DM,,Pune City,India,0.0,out,summer,Super Lig,2015,False,
Akhisar Belediyespor,Oguz Dağlaroğlu,35,Turkey,Goalkeeper,GK,,Adana Demirspor,Turkey,0.0,out,summer,Super Lig,2015,False,
Akhisar Belediyespor,Sertan Vardar,33,Turkey,Left Winger,LW,,Ankaragücü,Turkey,0.0,out,summer,Super Lig,2015,False,
Akhisar Belediyespor,Yiğit Gökoğlan,26,Turkey,Right Winger,RW,,Balikesirspor,Turkey,0.0,out,summer,Super Lig,2015,False,
Akhisar Belediyespor,Luan Scapolan,26,Brazil,Defensive Midfield,DM,,Red Bull,Brazil,0.0,out,summer,Super Lig,2015,False,
Akhisar Belediyespor,Mehmet Akyüz,29,Turkey,Centre-Forward,CF,,C. Rizespor,Turkey,0.0,out,summer,Super Lig,2015,False,
Akhisar Belediyespor,Bilal Kısa,32,Turkey,Attacking Midfield,AM,,Galatasaray,Turkey,0.0,out,summer,Super Lig,2015,False,
Akhisar Belediyespor,Ricardo Vaz Tê,28,Portugal,Right Winger,RW,,Without Club,,,out,summer,Super Lig,2015,False,
Akhisar Belediyespor,Muğdat Çelik,26,Turkey,Centre-Forward,CF,,Balikesirspor,Turkey,,in,winter,Super Lig,2015,False,
Akhisar Belediyespor,Petar Grbic,27,Montenegro,Left Winger,LW,,Partizan,Serbia,,in,winter,Super Lig,2015,False,
Akhisar Belediyespor,Kenan Karisik,28,Turkey,Central Midfield,CM,,Sanliurfaspor,Turkey,0.0,in,winter,Super Lig,2015,False,
Akhisar Belediyespor,Ricardo Vaz Tê,29,Portugal,Right Winger,RW,,Charlton,England,0.0,in,winter,Super Lig,2015,False,
Akhisar Belediyespor,Soner Aydoğdu,25,Turkey,Central Midfield,CM,,Trabzonspor,Turkey,,in,winter,Super Lig,2015,False,
Akhisar Belediyespor,Alper Uludağ,25,Turkey,Left-Back,LB,,Trabzonspor,Turkey,,in,winter,Super Lig,2015,False,
Akhisar Belediyespor,Hasan Kabze,33,Turkey,Centre-Forward,CF,,Sivasspor,Turkey,0.0,out,winter,Super Lig,2015,False,
Akhisar Belediyespor,Emrah Tuncel,28,Turkey,Goalkeeper,GK,,Sanliurfaspor,Turkey,0.0,out,winter,Super Lig,2015,False,
Akhisar Belediyespor,Lomana LuaLua,35,DR Congo,Centre-Forward,CF,,Sanliurfaspor,Turkey,0.0,out,winter,Super Lig,2015,False,
Akhisar Belediyespor,Güray Vural,27,Turkey,Left-Back,LB,,Trabzonspor,Turkey,,out,winter,Super Lig,2015,False,
Akhisar Belediyespor,Pekin Kösnek,24,Germany,Central Midfield,CM,,Without Club,,,out,winter,Super Lig,2015,False,
Antalyaspor,Chico,28,Brazil,Centre-Back,CB,,Coritiba FC,Brazil,,in,summer,Super Lig,2015,False,
Antalyaspor,Oğuz Mataracı,20,Turkey,Defensive Midfield,DM,,Fenerbahce,Turkey,,in,summer,Super Lig,2015,False,
Antalyaspor,Josip Kvesic,24,Bosnia-Herzegovina,Left-Back,LB,,Zeljeznicar,Bosnia-Herzegovina,,in,summer,Super Lig,2015,False,
Antalyaspor,Kadir Bekmezci,29,Turkey,Defensive Midfield,DM,,Sivasspor,Turkey,0.0,in,summer,Super Lig,2015,False,
Antalyaspor,Ozan İpek,28,Turkey,Left Winger,LW,,Bursaspor,Turkey,0.0,in,summer,Super Lig,2015,False,
Antalyaspor,Guilherme,26,Brazil,Attacking Midfield,AM,,Atlético-MG,Brazil,0.0,in,summer,Super Lig,2015,False,
Antalyaspor,Raïs M'Bolhi,29,Algeria,Goalkeeper,GK,,Philadelphia,United States,0.0,in,summer,Super Lig,2015,False,
Antalyaspor,Diego Ângelo,29,Brazil,Centre-Back,CB,,Eskisehirspor,Turkey,0.0,in,summer,Super Lig,2015,False,
Antalyaspor,Hasan Demir,24,Turkey,Goalkeeper,GK,,Kemerspor 2003,Turkey,0.0,in,summer,Super Lig,2015,False,
Antalyaspor,Koray Arslan,31,Turkey,Right-Back,RB,,Akhisar Belediye,Turkey,0.0,in,summer,Super Lig,2015,False,
Antalyaspor,Serdar Özkan,28,Turkey,Left Winger,LW,,Eskisehirspor,Turkey,0.0,in,summer,Super Lig,2015,False,
Antalyaspor,Jean Makoun,32,Cameroon,Defensive Midfield,DM,,Stade Rennais,France,0.0,in,summer,Super Lig,2015,False,
Antalyaspor,Samuel Eto'o,34,Cameroon,Centre-Forward,CF,,Sampdoria,Italy,0.0,in,summer,Super Lig,2015,False,
Antalyaspor,Rıdvan Şimşek,24,Turkey,Right-Back,RB,,Karsiyaka,Turkey,0.0,in,summer,Super Lig,2015,False,
Antalyaspor,Mbilla Etame,27,Cameroon,Centre-Forward,CF,,Samsunspor,Turkey,0.0,in,summer,Super Lig,2015,False,
Antalyaspor,Ondrej Celustka,26,Czech Republic,Centre-Back,CB,,1.FC Nuremberg,Germany,0.0,in,summer,Super Lig,2015,False,
Antalyaspor,Çağrı Yarkın,26,Turkey,Central Midfield,CM,,K. Erciyesspor,Turkey,0.0,out,summer,Super Lig,2015,False,
Antalyaspor,Mehmet Sedef,27,Turkey,Centre-Back,CB,,Gaziantepspor,Turkey,0.0,out,summer,Super Lig,2015,False,
Antalyaspor,Arif Şahin,29,Turkey,Attacking Midfield,AM,,Giresunspor,Turkey,0.0,out,summer,Super Lig,2015,False,
Antalyaspor,Adem Alkaşi,31,Turkey,Right-Back,RB,,Boluspor,Turkey,0.0,out,summer,Super Lig,2015,False,
Antalyaspor,Emre Torun,22,Turkey,Centre-Forward,CF,,Tokatspor,Turkey,,out,summer,Super Lig,2015,False,
Antalyaspor,Hüseyin Atalay,23,Turkey,Central Midfield,CM,,Fethiyespor,Turkey,,out,summer,Super Lig,2015,False,
Antalyaspor,Ramazan Çevik,23,Belgium,Left Winger,LW,,Without Club,,,out,summer,Super Lig,2015,False,
Antalyaspor,Joseph Boum,25,Cameroon,Centre-Back,CB,,Without Club,,,out,summer,Super Lig,2015,False,
Antalyaspor,Şahin Aygüneş,24,Turkey,Left Winger,LW,,Without Club,,,out,summer,Super Lig,2015,False,
Antalyaspor,Koray Arslan,31,Turkey,Right-Back,RB,,Without Club,,,out,summer,Super Lig,2015,False,
Antalyaspor,Halil İbrahim Tuna,22,Turkey,Right Winger,RW,,Altinordu,Turkey,,in,winter,Super Lig,2015,False,
Antalyaspor,Gökhan Yılmaz,24,Turkey,Left-Back,LB,,Altinordu,Turkey,,in,winter,Super Lig,2015,False,
Antalyaspor,Charles,30,Brazil,Defensive Midfield,DM,,Cruzeiro,Brazil,0.0,in,winter,Super Lig,2015,False,
Antalyaspor,Danilo,26,Belgium,Attacking Midfield,AM,,Dnipro,Ukraine,0.0,in,winter,Super Lig,2015,False,
Antalyaspor,Samuel Inkoom,26,Ghana,Right-Back,RB,,Boavista,Portugal,0.0,in,winter,Super Lig,2015,False,
Antalyaspor,Abdel Diarra,21,Cote d'Ivoire,Centre-Back,CB,,R. Strasbourg B,France,0.0,in,winter,Super Lig,2015,False,
Antalyaspor,Ramon Motta,27,Brazil,Left-Back,LB,,Besiktas,Turkey,0.0,in,winter,Super Lig,2015,False,
Antalyaspor,Oktay Delibalta,30,Turkey,Attacking Midfield,AM,,Mersin IY,Turkey,0.0,in,winter,Super Lig,2015,False,
Antalyaspor,Yekta Kurtuluş,30,Turkey,Central Midfield,CM,,Sivasspor,Turkey,0.0,in,winter,Super Lig,2015,False,
Antalyaspor,Lionel Enguene,20,Cameroon,Attacking Midfield,AM,,Barcelona B,Spain,0.0,in,winter,Super Lig,2015,False,
Antalyaspor,Şahin Aygüneş,25,Turkey,Left Winger,LW,,Without Club,,,in,winter,Super Lig,2015,False,
Antalyaspor,Guilherme,27,Brazil,Attacking Midfield,AM,,Corinthians,Brazil,1300000.0,out,winter,Super Lig,2015,False,
Antalyaspor,Ozan İpek,29,Turkey,Left Winger,LW,,Without Club,,,out,winter,Super Lig,2015,False,
Basaksehir FK,Sokol Cikalleshi,24,Albania,Centre-Forward,CF,,RNK Split,Croatia,1800000.0,in,summer,Super Lig,2015,False,
Basaksehir FK,Musa Muhammed,18,Nigeria,Right-Back,RB,,FC Heart Acad.,Nigeria,,in,summer,Super Lig,2015,False,
Basaksehir FK,Bekir İrtegün,31,Turkey,Centre-Back,CB,,Fenerbahce,Turkey,0.0,in,summer,Super Lig,2015,False,
Basaksehir FK,Emre Belözoğlu,34,Turkey,Central Midfield,CM,,Fenerbahce,Turkey,0.0,in,summer,Super Lig,2015,False,
Basaksehir FK,Cenk Ahmet Alkılıç,27,Turkey,Right-Back,RB,,K. Erciyesspor,Turkey,,in,summer,Super Lig,2015,False,
Basaksehir FK,Tayfun Pektürk,27,Germany,Right Winger,RW,,Karsiyaka,Turkey,0.0,out,summer,Super Lig,2015,False,
Basaksehir FK,Rızvan Şahin,33,Turkey,Right-Back,RB,,Giresunspor,Turkey,0.0,out,summer,Super Lig,2015,False,
Basaksehir FK,Tom,30,Brazil,Attacking Midfield,AM,,Elazigspor,Turkey,0.0,out,summer,Super Lig,2015,False,
Basaksehir FK,Murat Akın,28,Turkey,Central Midfield,CM,,Karabükspor,Turkey,,out,summer,Super Lig,2015,False,
Basaksehir FK,Stefano Napoleoni,29,Italy,Second Striker,SS,,Atromitos,Greece,,in,winter,Super Lig,2015,False,
Basaksehir FK,Hakan Özmert,30,Turkey,Central Midfield,CM,,Sivasspor,Turkey,0.0,in,winter,Super Lig,2015,False,
Basaksehir FK,Stéphane Badji,26,Senegal,Defensive Midfield,DM,,RSC Anderlecht,Belgium,2770000.0,out,winter,Super Lig,2015,False,
Basaksehir FK,Sedat Ağçay,34,Turkey,Defensive Midfield,DM,,Without Club,,,out,winter,Super Lig,2015,False,
Besiktas JK,Rhodolfo,28,Brazil,Centre-Back,CB,,Grêmio,Brazil,3300000.0,in,summer,Super Lig,2015,False,
Besiktas JK,José Sosa,30,Argentina,Central Midfield,CM,,Metalist,Ukraine,2000000.0,in,summer,Super Lig,2015,False,
Besiktas JK,Andreas Beck,28,Germany,Right-Back,RB,,TSG Hoffenheim,Germany,1750000.0,in,summer,Super Lig,2015,False,
Besiktas JK,Ricardo Quaresma,31,Portugal,Right Winger,RW,,FC Porto,Portugal,1200000.0,in,summer,Super Lig,2015,False,
Besiktas JK,Dusko Tosic,30,Serbia,Centre-Back,CB,,Genclerbirligi,Turkey,0.0,in,summer,Super Lig,2015,False,
Besiktas JK,Demba Ba,30,Senegal,Centre-Forward,CF,,SH Shenhua,China,13000000.0,out,summer,Super Lig,2015,False,
Besiktas JK,Atınç Nukan,21,Turkey,Centre-Back,CB,,RB Leipzig,Germany,6000000.0,out,summer,Super Lig,2015,False,
Besiktas JK,Cenk Gönen,27,Turkey,Goalkeeper,GK,,Galatasaray,Turkey,,out,summer,Super Lig,2015,False,
Besiktas JK,Tomas Sivok,31,Czech Republic,Centre-Back,CB,,Bursaspor,Turkey,0.0,out,summer,Super Lig,2015,False,
Besiktas JK,Filip Holosko,31,Slovakia,Right Winger,RW,,Sydney FC,Australia,0.0,out,summer,Super Lig,2015,False,
Besiktas JK,Muhammed Demirci,20,Turkey,Attacking Midfield,AM,,Mouscron,Belgium,0.0,out,summer,Super Lig,2015,False,
Besiktas JK,Uğur Boral,33,Turkey,Left Midfield,LM,,,,,out,summer,Super Lig,2015,False,
Besiktas JK,İbrahim Toraman,33,Turkey,Centre-Back,CB,,,,,out,summer,Super Lig,2015,False,
Besiktas JK,Gökhan Süzen,28,Turkey,Left-Back,LB,,Without Club,,,out,summer,Super Lig,2015,False,
Besiktas JK,Sezer Öztürk,29,Turkey,Attacking Midfield,AM,,,,,out,summer,Super Lig,2015,False,
Besiktas JK,Denys Boyko,27,Ukraine,Goalkeeper,GK,,Dnipro,Ukraine,3300000.0,in,winter,Super Lig,2015,False,
Besiktas JK,Aras Özbiliz,25,Armenia,Right Winger,RW,,Spartak Moscow,Russia,1300000.0,in,winter,Super Lig,2015,False,
Besiktas JK,Alexis Ruano,30,Spain,Centre-Back,CB,,Getafe,Spain,1100000.0,in,winter,Super Lig,2015,False,
Besiktas JK,Ersan Gülüm,28,Turkey,Centre-Back,CB,,HB CFFC,China,7000000.0,out,winter,Super Lig,2015,False,
Besiktas JK,Ramon Motta,27,Brazil,Left-Back,LB,,Antalyaspor,Turkey,0.0,out,winter,Super Lig,2015,False,
Besiktas JK,Hasan Türk,22,Turkey,Central Midfield,CM,,A. Üsküdar 1908,Turkey,0.0,out,winter,Super Lig,2015,False,
Bursaspor,Tom De Sutter,30,Belgium,Centre-Forward,CF,,Club Brugge,Belgium,1800000.0,in,summer,Super Lig,2015,False,
Bursaspor,Balázs Dzsudzsák,28,Hungary,Attacking Midfield,AM,,Dinamo Moscow,Russia,1600000.0,in,summer,Super Lig,2015,False,
Bursaspor,Luis Advíncula,25,Peru,Right-Back,RB,1200000.0,TSG Hoffenheim,Germany,,in,summer,Super Lig,2015,False,
Bursaspor,Ricardo Faty,29,Senegal,Defensive Midfield,DM,,Standard Liège,Belgium,,in,summer,Super Lig,2015,False,
Bursaspor,Sedat Berisha,25,North Macedonia,Centre-Back,CB,,Shkendija,North Macedonia,,in,summer,Super Lig,2015,False,
Bursaspor,Dany Nounkeu,29,Cameroon,Centre-Back,CB,,Galatasaray,Turkey,0.0,in,summer,Super Lig,2015,False,
Bursaspor,Tomas Necid,25,Czech Republic,Centre-Forward,CF,,PEC Zwolle,Netherlands,0.0,in,summer,Super Lig,2015,False,
Bursaspor,Cristobal Jorquera,26,Chile,Attacking Midfield,AM,,Parma,Italy,0.0,in,summer,Super Lig,2015,False,
Bursaspor,Erdem Özgenç,30,Turkey,Right-Back,RB,,Karabükspor,Turkey,0.0,in,summer,Super Lig,2015,False,
Bursaspor,Mert Günok,26,Turkey,Goalkeeper,GK,1500000.0,Fenerbahce,Turkey,0.0,in,summer,Super Lig,2015,False,
Bursaspor,Tomas Sivok,31,Czech Republic,Centre-Back,CB,,Besiktas,Turkey,0.0,in,summer,Super Lig,2015,False,
Bursaspor,Isaac Cuenca,24,Spain,Left Winger,LW,,Dep. La Coruña,Spain,0.0,in,summer,Super Lig,2015,False,
Bursaspor,İbrahim Serdar Aydın,19,Turkey,Defensive Midfield,DM,,Fenerbahce U21,Turkey,,in,summer,Super Lig,2015,False,
Bursaspor,Cédric Bakambu,24,DR Congo,Centre-Forward,CF,3400000.0,Villarreal,Spain,7500000.0,out,summer,Super Lig,2015,False,
Bursaspor,Ozan Tufan,20,Turkey,Attacking Midfield,AM,3200000.0,Fenerbahce,Turkey,7000000.0,out,summer,Super Lig,2015,False,
Bursaspor,Enes Ünal,18,Turkey,Centre-Forward,CF,25000000.0,Man City,England,4400000.0,out,summer,Super Lig,2015,False,
Bursaspor,Volkan Şen,28,Turkey,Left Winger,LW,,Fenerbahce,Turkey,2500000.0,out,summer,Super Lig,2015,False,
Bursaspor,Şener Özbayraklı,25,Turkey,Right-Back,RB,,Fenerbahce,Turkey,1630000.0,out,summer,Super Lig,2015,False,
Bursaspor,Batuhan Altıntaş,19,Turkey,Centre-Forward,CF,,Hamburger SV,Germany,,out,summer,Super Lig,2015,False,
Bursaspor,Bekir Sevgi,26,Turkey,Goalkeeper,GK,,Samsunspor,Turkey,0.0,out,summer,Super Lig,2015,False,
Bursaspor,Ozan İpek,28,Turkey,Left Winger,LW,,Antalyaspor,Turkey,0.0,out,summer,Super Lig,2015,False,
Bursaspor,Sedat Berisha,25,North Macedonia,Centre-Back,CB,,Shkendija,North Macedonia,0.0,out,summer,Super Lig,2015,False,
Bursaspor,Colin Kazım-Richards,28,Turkey,Centre-Forward,CF,,Feyenoord,Netherlands,0.0,out,summer,Super Lig,2015,False,
Bursaspor,Fernando Belluschi,31,Argentina,Central Midfield,CM,,CD Cruz Azul,Mexico,0.0,out,summer,Super Lig,2015,False,
Bursaspor,Renato Civelli,31,Argentina,Centre-Back,CB,,LOSC Lille,France,0.0,out,summer,Super Lig,2015,False,
Bursaspor,Sébastien Frey,35,France,Goalkeeper,GK,,,,,out,summer,Super Lig,2015,False,
Bursaspor,Pablo Batalla,31,Argentina,Attacking Midfield,AM,,BJ Guoan,China,1500000.0,in,winter,Super Lig,2015,False,
Bursaspor,Deniz Yılmaz,27,Azerbaijan,Centre-Forward,CF,,Trabzonspor,Turkey,0.0,in,winter,Super Lig,2015,False,
Bursaspor,Aydın Karabulut,28,Turkey,Right Winger,RW,,Genclerbirligi,Turkey,0.0,out,winter,Super Lig,2015,False,
Bursaspor,Isaac Cuenca,24,Spain,Left Winger,LW,,Granada CF,Spain,0.0,out,winter,Super Lig,2015,False,
Caykur Rizespor,Patryk Tuszynski,25,Poland,Centre-Forward,CF,,Jagiellonia,Poland,1000000.0,in,summer,Super Lig,2015,False,
Caykur Rizespor,Nika Dzalamidze,23,Georgia,Right Winger,RW,,Jagiellonia,Poland,,in,summer,Super Lig,2015,False,
Caykur Rizespor,Gökhan Akkan,20,Turkey,Goalkeeper,GK,1800000.0,Ankaragücü,Turkey,,in,summer,Super Lig,2015,False,
Caykur Rizespor,Robin Yalçın,21,Germany,Defensive Midfield,DM,,VfB Stuttgart,Germany,,in,summer,Super Lig,2015,False,
Caykur Rizespor,Cédric Makiadi,31,DR Congo,Central Midfield,CM,,Werder Bremen,Germany,0.0,in,summer,Super Lig,2015,False,
Caykur Rizespor,Mehmet Akyüz,29,Turkey,Centre-Forward,CF,,Akhisar Belediye,Turkey,0.0,in,summer,Super Lig,2015,False,
Caykur Rizespor,Charles Itandje,32,Cameroon,Goalkeeper,GK,,PAOK Salonika,Greece,0.0,in,summer,Super Lig,2015,False,
Caykur Rizespor,Ahmet İlhan Özek,27,Turkey,Left Winger,LW,,Karabükspor,Turkey,0.0,in,summer,Super Lig,2015,False,
Caykur Rizespor,Teddy Chevalier,28,France,Centre-Forward,CF,,KV Kortrijk,Belgium,,in,summer,Super Lig,2015,False,
Caykur Rizespor,Ali Adnan,23,Iraq,Left-Back,LB,,Udinese Calcio,Italy,2200000.0,out,summer,Super Lig,2015,False,
Caykur Rizespor,Sezer Özmen,23,Turkey,Centre-Back,CB,,FC Metz,France,0.0,out,summer,Super Lig,2015,False,
Caykur Rizespor,Tevfik Köse,27,Turkey,Centre-Forward,CF,,Boluspor,Turkey,0.0,out,summer,Super Lig,2015,False,
Caykur Rizespor,Kıvanç Karakaş,30,Turkey,Central Midfield,CM,,Sanliurfaspor,Turkey,0.0,out,summer,Super Lig,2015,False,
Caykur Rizespor,Şahinali Terzi,24,Turkey,Central Midfield,CM,,Kirklarelispor,Turkey,0.0,out,summer,Super Lig,2015,False,
Caykur Rizespor,Engin Bekdemir,23,Turkey,Left Winger,LW,,Eskisehirspor,Turkey,0.0,out,summer,Super Lig,2015,False,
Caykur Rizespor,Necati Yılmaz,27,Turkey,Goalkeeper,GK,,Sanliurfaspor,Turkey,0.0,out,summer,Super Lig,2015,False,
Caykur Rizespor,Serkan Kırıntılı,30,Turkey,Goalkeeper,GK,,Konyaspor,Turkey,0.0,out,summer,Super Lig,2015,False,
Caykur Rizespor,Giray Kaçar,30,Turkey,Centre-Back,CB,,Göztepe,Turkey,0.0,out,summer,Super Lig,2015,False,
Caykur Rizespor,Mesut Yılmaz,26,Turkey,Centre-Back,CB,,Kirikhanspor,Turkey,,out,summer,Super Lig,2015,False,
Caykur Rizespor,Cenk Güvenç,23,Turkey,Centre-Back,CB,,Denizlispor,Turkey,,out,summer,Super Lig,2015,False,
Caykur Rizespor,Aykut Erçetin,32,Turkey,Goalkeeper,GK,,,,,out,summer,Super Lig,2015,False,
Caykur Rizespor,Ümit Kurt,24,Turkey,Centre-Back,CB,,Sivasspor,Turkey,,in,winter,Super Lig,2015,False,
Caykur Rizespor,Cumali Bişi,22,Turkey,Defensive Midfield,DM,,Boluspor,Turkey,,out,winter,Super Lig,2015,False,
Caykur Rizespor,Liban Abdi,27,Norway,Left Winger,LW,,Without Club,,,out,winter,Super Lig,2015,False,
Eskisehirspor,Nassim Ben Khalifa,23,Switzerland,Second Striker,SS,,Grasshoppers,Switzerland,,in,summer,Super Lig,2015,False,
Eskisehirspor,Hasan Ayaroğlu,20,Turkey,Left Winger,LW,,Ankaragücü,Turkey,0.0,in,summer,Super Lig,2015,False,
Eskisehirspor,Anıl Karaer,27,Turkey,Centre-Back,CB,,K. Erciyesspor,Turkey,0.0,in,summer,Super Lig,2015,False,
Eskisehirspor,Cédric Mongongu,26,DR Congo,Centre-Back,CB,,Évian,France,0.0,in,summer,Super Lig,2015,False,
Eskisehirspor,Engin Bekdemir,23,Turkey,Left Winger,LW,,C. Rizespor,Turkey,0.0,in,summer,Super Lig,2015,False,
Eskisehirspor,Matías Defederico,25,Argentina,Attacking Midfield,AM,,Nueva Chicago,Argentina,0.0,in,summer,Super Lig,2015,False,
Eskisehirspor,Aytaç Öden,23,Turkey,Right-Back,RB,,Ankaragücü,Turkey,0.0,in,summer,Super Lig,2015,False,
Eskisehirspor,Emre Güngör,30,Turkey,Centre-Back,CB,,Karabükspor,Turkey,0.0,in,summer,Super Lig,2015,False,
Eskisehirspor,Muarem Muarem,26,North Macedonia,Attacking Midfield,AM,,Qarabag FK,Azerbaijan,0.0,in,summer,Super Lig,2015,False,
Eskisehirspor,Leandro Junio,18,Brazil,Attacking Midfield,AM,,Unknown,,,in,summer,Super Lig,2015,False,
Eskisehirspor,Sebastián Pinto,29,Chile,Centre-Forward,CF,,O'Higgins,Chile,,in,summer,Super Lig,2015,False,
Eskisehirspor,Theofanis Gekas,35,Greece,Centre-Forward,CF,,Without Club,,,in,summer,Super Lig,2015,False,
Eskisehirspor,Ergün Teber,29,Turkey,Left-Back,LB,,Karabükspor,Turkey,0.0,out,summer,Super Lig,2015,False,
Eskisehirspor,Mirkan Aydin,28,Turkey,Centre-Forward,CF,,Göztepe,Turkey,0.0,out,summer,Super Lig,2015,False,
Eskisehirspor,Diego Ângelo,29,Brazil,Centre-Back,CB,,Antalyaspor,Turkey,0.0,out,summer,Super Lig,2015,False,
Eskisehirspor,Ibrahim Sissoko,23,Cote d'Ivoire,Attacking Midfield,AM,,Konyaspor,Turkey,0.0,out,summer,Super Lig,2015,False,
Eskisehirspor,Serdar Özkan,28,Turkey,Left Winger,LW,,Antalyaspor,Turkey,0.0,out,summer,Super Lig,2015,False,
Eskisehirspor,Hürriyet Gücer,33,Turkey,Defensive Midfield,DM,,Without Club,,,out,summer,Super Lig,2015,False,
Eskisehirspor,Berkay Dabanli,25,Germany,Centre-Back,CB,,Without Club,,,out,summer,Super Lig,2015,False,
Eskisehirspor,Anel Hadzic,26,Bosnia-Herzegovina,Defensive Midfield,DM,,Sturm Graz,Austria,,in,winter,Super Lig,2015,False,
Eskisehirspor,Murat Uçar,24,Turkey,Right-Back,RB,,Aydinspor 1923,Turkey,,in,winter,Super Lig,2015,False,
Eskisehirspor,Kıvanç Karakaş,30,Turkey,Central Midfield,CM,,Sanliurfaspor,Turkey,0.0,in,winter,Super Lig,2015,False,
Eskisehirspor,Jordi Figueras,28,Spain,Centre-Back,CB,,Real Betis,Spain,,in,winter,Super Lig,2015,False,
Eskisehirspor,Axel Méyé,20,Gabon,Centre-Forward,CF,,Akanda FC,Gabon,,in,winter,Super Lig,2015,False,
Eskisehirspor,İsmail Erdoğan,22,Turkey,Right-Back,RB,,Beylerbeyi,Turkey,,in,winter,Super Lig,2015,False,
Eskisehirspor,Raheem Lawal,25,Nigeria,Central Midfield,CM,,Osmanlispor,Turkey,0.0,out,winter,Super Lig,2015,False,
Eskisehirspor,Birol Parlak,25,Turkey,Centre-Back,CB,,Kayserispor,Turkey,0.0,out,winter,Super Lig,2015,False,
Eskisehirspor,Matías Defederico,26,Argentina,Attacking Midfield,AM,,CD SM (Arica),Chile,0.0,out,winter,Super Lig,2015,False,
Eskisehirspor,Emre Güral,27,Turkey,Centre-Forward,CF,,Without Club,,,out,winter,Super Lig,2015,False,
Eskisehirspor,Theofanis Gekas,35,Greece,Centre-Forward,CF,,Without Club,,,out,winter,Super Lig,2015,False,
Eskisehirspor,Sebastián Pinto,30,Chile,Centre-Forward,CF,,Without Club,,,out,winter,Super Lig,2015,False,
Eskisehirspor,Nzuzi Toko,25,DR Congo,Defensive Midfield,DM,,Without Club,,,out,winter,Super Lig,2015,False,
Eskisehirspor,Cédric Mongongu,26,DR Congo,Centre-Back,CB,,Without Club,,,out,winter,Super Lig,2015,False,
Eskisehirspor,Jerry Akaminko,27,Ghana,Centre-Back,CB,,Without Club,,,out,winter,Super Lig,2015,False,
Eskisehirspor,Erkut Şentürk,21,Turkey,Attacking Midfield,AM,,Without Club,,,out,winter,Super Lig,2015,False,
Eskisehirspor,Özgür Çek,24,Turkey,Left-Back,LB,,Without Club,,,out,winter,Super Lig,2015,False,
Eskisehirspor,Muarem Muarem,27,North Macedonia,Attacking Midfield,AM,,Without Club,,,out,winter,Super Lig,2015,False,
Fenerbahce,Souza,26,Brazil,Defensive Midfield,DM,1500000.0,São Paulo,Brazil,8000000.0,in,summer,Super Lig,2015,False,
Fenerbahce,Simon Kjaer,26,Denmark,Centre-Back,CB,3500000.0,LOSC Lille,France,7650000.0,in,summer,Super Lig,2015,False,
Fenerbahce,Ozan Tufan,20,Turkey,Attacking Midfield,AM,3200000.0,Bursaspor,Turkey,7000000.0,in,summer,Super Lig,2015,False,
Fenerbahce,Robin van Persie,31,Netherlands,Centre-Forward,CF,,Man Utd,England,6500000.0,in,summer,Super Lig,2015,False,
Fenerbahce,Nani,28,Portugal,Left Winger,LW,,Man Utd,England,6000000.0,in,summer,Super Lig,2015,False,
Fenerbahce,Fernandão,28,Brazil,Centre-Forward,CF,,Atlético-PR,Brazil,3400000.0,in,summer,Super Lig,2015,False,
Fenerbahce,Volkan Şen,28,Turkey,Left Winger,LW,,Bursaspor,Turkey,2500000.0,in,summer,Super Lig,2015,False,
Fenerbahce,Şener Özbayraklı,25,Turkey,Right-Back,RB,,Bursaspor,Turkey,1630000.0,in,summer,Super Lig,2015,False,
Fenerbahce,Moussa Sow,29,Senegal,Centre-Forward,CF,,Al-Ahli (UAE),United Arab Emirates,16000000.0,out,summer,Super Lig,2015,False,
Fenerbahce,Oğuz Mataracı,20,Turkey,Defensive Midfield,DM,,Antalyaspor,Turkey,,out,summer,Super Lig,2015,False,
Fenerbahce,Selçuk Şahin,34,Turkey,Defensive Midfield,DM,,FC Wil 1900,Switzerland,0.0,out,summer,Super Lig,2015,False,
Fenerbahce,Dirk Kuyt,34,Netherlands,Right Winger,RW,,Feyenoord,Netherlands,0.0,out,summer,Super Lig,2015,False,
Fenerbahce,Mert Günok,26,Turkey,Goalkeeper,GK,1500000.0,Bursaspor,Turkey,0.0,out,summer,Super Lig,2015,False,
Fenerbahce,Emre Belözoğlu,34,Turkey,Central Midfield,CM,,Basaksehir,Turkey,0.0,out,summer,Super Lig,2015,False,
Fenerbahce,Pierre Webó,33,Cameroon,Centre-Forward,CF,,Osmanlispor,Turkey,0.0,out,summer,Super Lig,2015,False,
Fenerbahce,Bekir İrtegün,31,Turkey,Centre-Back,CB,,Basaksehir,Turkey,0.0,out,summer,Super Lig,2015,False,
Fenerbahce,Milos Krasic,30,Serbia,Right Winger,RW,,Lechia Gdansk,Poland,0.0,out,summer,Super Lig,2015,False,
Fenerbahce,Egemen Korkmaz,32,Turkey,Centre-Back,CB,,FC Wil 1900,Switzerland,0.0,out,summer,Super Lig,2015,False,
Galatasaray,Lukas Podolski,30,Germany,Second Striker,SS,,Arsenal,England,2500000.0,in,summer,Super Lig,2015,False,
Galatasaray,Lionel Carole,24,France,Left-Back,LB,1000000.0,Troyes,France,1500000.0,in,summer,Super Lig,2015,False,
Galatasaray,Kevin Großkreutz,27,Germany,Right-Back,RB,,Bor. Dortmund,Germany,1500000.0,in,summer,Super Lig,2015,False,
Galatasaray,Cenk Gönen,27,Turkey,Goalkeeper,GK,,Besiktas,Turkey,,in,summer,Super Lig,2015,False,
Galatasaray,Bilal Kısa,32,Turkey,Attacking Midfield,AM,,Akhisar Belediye,Turkey,0.0,in,summer,Super Lig,2015,False,
Galatasaray,Jem Karacan,26,Turkey,Central Midfield,CM,,Reading,England,0.0,in,summer,Super Lig,2015,False,
Galatasaray,José Rodríguez,20,Spain,Central Midfield,CM,,RM Castilla,Spain,0.0,in,summer,Super Lig,2015,False,
Galatasaray,Felipe Melo,32,Brazil,Centre-Back,CB,,Inter,Italy,4200000.0,out,summer,Super Lig,2015,False,
Galatasaray,Nordin Amrabat,28,Morocco,Right Winger,RW,,Málaga CF,Spain,3500000.0,out,summer,Super Lig,2015,False,
Galatasaray,Aydın Yılmaz,27,Turkey,Right Winger,RW,,Kasimpasa,Turkey,0.0,out,summer,Super Lig,2015,False,
Galatasaray,Goran Pandev,31,North Macedonia,Second Striker,SS,,Genoa,Italy,0.0,out,summer,Super Lig,2015,False,
Galatasaray,Dany Nounkeu,29,Cameroon,Centre-Back,CB,,Bursaspor,Turkey,0.0,out,summer,Super Lig,2015,False,
Galatasaray,Yekta Kurtuluş,29,Turkey,Central Midfield,CM,,Sivasspor,Turkey,0.0,out,summer,Super Lig,2015,False,
Galatasaray,Emmanuel Eboué,32,Cote d'Ivoire,Right-Back,RB,,Without Club,,,out,summer,Super Lig,2015,False,
Galatasaray,Gökhan Zan,33,Turkey,Centre-Back,CB,,,,,out,summer,Super Lig,2015,False,
Galatasaray,Ryan Donk,29,Suriname,Centre-Back,CB,,Kasimpasa,Turkey,2500000.0,in,winter,Super Lig,2015,False,
Galatasaray,Martin Linnes,24,Norway,Right-Back,RB,,Molde FK,Norway,2000000.0,in,winter,Super Lig,2015,False,
Galatasaray,Burak Yılmaz,30,Turkey,Centre-Forward,CF,,BJ Guoan,China,8000000.0,out,winter,Super Lig,2015,False,
Galatasaray,Kevin Großkreutz,27,Germany,Right-Back,RB,,VfB Stuttgart,Germany,2170000.0,out,winter,Super Lig,2015,False,
Gaziantepspor,Orkan Çınar,19,Turkey,Right Winger,RW,,Greuther Fürth,Germany,,in,summer,Super Lig,2015,False,
Gaziantepspor,Haktan Odabaşı,24,Turkey,Right Winger,RW,,Boluspor,Turkey,0.0,in,summer,Super Lig,2015,False,
Gaziantepspor,Anton Putilo,28,Belarus,Attacking Midfield,AM,,Torpedo Moskau,Russia,0.0,in,summer,Super Lig,2015,False,
Gaziantepspor,Mehmet Sedef,27,Turkey,Centre-Back,CB,,Antalyaspor,Turkey,0.0,in,summer,Super Lig,2015,False,
Gaziantepspor,Süleyman Özdamar,22,Turkey,Centre-Back,CB,,Bayrampasa,Turkey,0.0,in,summer,Super Lig,2015,False,
Gaziantepspor,Abuda,26,Brazil,Defensive Midfield,DM,,Chapecoense,Brazil,,in,summer,Super Lig,2015,False,
Gaziantepspor,Daniel Larsson,28,Sweden,Centre-Forward,CF,,Granada CF,Spain,,in,summer,Super Lig,2015,False,
Gaziantepspor,Gilles Binya,30,Cameroon,Centre-Back,CB,,Elazigspor,Turkey,0.0,out,summer,Super Lig,2015,False,
Gaziantepspor,Şenol Can,32,Turkey,Left-Back,LB,,Adana Demirspor,Turkey,0.0,out,summer,Super Lig,2015,False,
Gaziantepspor,Eray Birniçan,26,Turkey,Goalkeeper,GK,,Kasimpasa,Turkey,0.0,out,summer,Super Lig,2015,False,
Gaziantepspor,Doğanay Kılıç,19,Turkey,Attacking Midfield,AM,,Bursaspor U21,Turkey,,in,winter,Super Lig,2015,False,
Gaziantepspor,İlhan Parlak,28,Turkey,Centre-Forward,CF,,K. Erciyesspor,Turkey,0.0,in,winter,Super Lig,2015,False,
Gaziantepspor,Alpay Koçaklı,17,Turkey,Right Winger,RW,,Karabükspor,Turkey,0.0,in,winter,Super Lig,2015,False,
Gaziantepspor,Hürriyet Gücer,34,Turkey,Defensive Midfield,DM,,Without Club,,,in,winter,Super Lig,2015,False,
Gaziantepspor,Koray Arslan,32,Turkey,Right-Back,RB,,Without Club,,,in,winter,Super Lig,2015,False,
Gaziantepspor,Muhammet Demir,24,Turkey,Centre-Forward,CF,,Trabzonspor,Turkey,2750000.0,out,winter,Super Lig,2015,False,
Gaziantepspor,Süleyman Özdamar,22,Turkey,Centre-Back,CB,,Giresunspor,Turkey,0.0,out,winter,Super Lig,2015,False,
Gaziantepspor,Ognjen Vranjes,26,Bosnia-Herzegovina,Centre-Back,CB,,Sporting Gijón,Spain,0.0,out,winter,Super Lig,2015,False,
Gaziantepspor,Demba Camara,21,Guinea,Centre-Forward,CF,,Paris FC,France,0.0,out,winter,Super Lig,2015,False,
Gaziantepspor,Oguzhan Türk,29,Netherlands,Attacking Midfield,AM,,Adanaspor,Turkey,0.0,out,winter,Super Lig,2015,False,
Gaziantepspor,Mehmet Sedef,28,Turkey,Centre-Back,CB,,Without Club,,,out,winter,Super Lig,2015,False,
Gaziantepspor,Ferhad Ayaz,21,Sweden,Left Winger,LW,,Without Club,,,out,winter,Super Lig,2015,False,
Genclerbirligi Ankara,Johannes Hopf,28,Sweden,Goalkeeper,GK,,Hammarby,Sweden,,in,summer,Super Lig,2015,False,
Genclerbirligi Ankara,Panajotis Dimitriadis,28,Sweden,Defensive Midfield,DM,,AIK,Sweden,,in,summer,Super Lig,2015,False,
Genclerbirligi Ankara,Martin Spelmann,28,Denmark,Central Midfield,CM,,Odense BK,Denmark,,in,summer,Super Lig,2015,False,
Genclerbirligi Ankara,Walid Atta,28,Ethiopia,Centre-Back,CB,,Häcken,Sweden,,in,summer,Super Lig,2015,False,
Genclerbirligi Ankara,Ante Kulusic,29,Croatia,Centre-Back,CB,,Balikesirspor,Turkey,0.0,in,summer,Super Lig,2015,False,
Genclerbirligi Ankara,Iasmin Latovlevici,29,Romania,Left-Back,LB,,Steaua Bucharest,Romania,0.0,in,summer,Super Lig,2015,False,
Genclerbirligi Ankara,Ólafur Ingi Skúlason,32,Iceland,Defensive Midfield,DM,,Zulte Waregem,Belgium,0.0,in,summer,Super Lig,2015,False,
Genclerbirligi Ankara,Dusko Tosic,30,Serbia,Centre-Back,CB,,Besiktas,Turkey,0.0,out,summer,Super Lig,2015,False,
Genclerbirligi Ankara,Liviu Antal,26,Romania,Right Winger,RW,,Hapoel Tel Aviv,Israel,0.0,out,summer,Super Lig,2015,False,
Genclerbirligi Ankara,Ramazan Köse,27,Turkey,Goalkeeper,GK,,Kasimpasa,Turkey,0.0,out,summer,Super Lig,2015,False,
Genclerbirligi Ankara,Özgür Ileri,27,Turkey,Defensive Midfield,DM,,Göztepe,Turkey,0.0,out,summer,Super Lig,2015,False,
Genclerbirligi Ankara,Ehiosun Ekigho,25,Nigeria,Centre-Forward,CF,,Samsunspor,Turkey,0.0,out,summer,Super Lig,2015,False,
Genclerbirligi Ankara,Hakan Aslantaş,29,Turkey,Right-Back,RB,,Osmanlispor,Turkey,0.0,out,summer,Super Lig,2015,False,
Genclerbirligi Ankara,Sedat Bayrak,34,Turkey,Centre-Back,CB,,Ankaragücü,Turkey,0.0,out,summer,Super Lig,2015,False,
Genclerbirligi Ankara,Aleksandr Hleb,34,Belarus,Attacking Midfield,AM,,BATE Borisov,Belarus,0.0,out,summer,Super Lig,2015,False,
Genclerbirligi Ankara,Jean-Jacques Gosso,32,Cote d'Ivoire,Defensive Midfield,DM,,Göztepe,Turkey,0.0,out,summer,Super Lig,2015,False,
Genclerbirligi Ankara,Radosav Petrovic,26,Serbia,Defensive Midfield,DM,,Dynamo Kyiv,Ukraine,0.0,out,summer,Super Lig,2015,False,
Genclerbirligi Ankara,Ahmet Özcan,20,Switzerland,Left-Back,LB,,FC Sion U21,Switzerland,,out,summer,Super Lig,2015,False,
Genclerbirligi Ankara,Mervan Çelik,25,Sweden,Left Winger,LW,,Akhisar Belediye,Turkey,,out,summer,Super Lig,2015,False,
Genclerbirligi Ankara,Nizamettin Çalışkan,28,Turkey,Central Midfield,CM,,Without Club,,,out,summer,Super Lig,2015,False,
Genclerbirligi Ankara,Serdar Gürler,24,Turkey,Left Winger,LW,2000000.0,Trabzonspor,Turkey,0.0,in,winter,Super Lig,2015,False,
Genclerbirligi Ankara,Selçuk Şahin,34,Turkey,Defensive Midfield,DM,,FC Wil 1900,Switzerland,0.0,in,winter,Super Lig,2015,False,
Genclerbirligi Ankara,Aleksandr Hleb,34,Belarus,Attacking Midfield,AM,,BATE Borisov,Belarus,0.0,in,winter,Super Lig,2015,False,
Genclerbirligi Ankara,Hakan Aslantaş,30,Turkey,Right-Back,RB,,Osmanlispor,Turkey,0.0,in,winter,Super Lig,2015,False,
Genclerbirligi Ankara,Sergey Politevich,25,Belarus,Centre-Back,CB,,Dinamo Minsk,Belarus,0.0,in,winter,Super Lig,2015,False,
Genclerbirligi Ankara,Aydın Karabulut,28,Turkey,Right Winger,RW,,Bursaspor,Turkey,0.0,in,winter,Super Lig,2015,False,
Genclerbirligi Ankara,Turgut Şahin,27,Turkey,Left Winger,LW,,Without Club,,,in,winter,Super Lig,2015,False,
Genclerbirligi Ankara,Walid Atta,29,Ethiopia,Centre-Back,CB,,Östersund,Sweden,0.0,out,winter,Super Lig,2015,False,
Genclerbirligi Ankara,Nemanja Tomic,28,Serbia,Left Winger,LW,,Without Club,,,out,winter,Super Lig,2015,False,
Kasimpasa,Vasil Bozhikov,27,Bulgaria,Centre-Back,CB,,Litex Lovech,Bulgaria,,in,summer,Super Lig,2015,False,
Kasimpasa,Aydın Yılmaz,27,Turkey,Right Winger,RW,,Galatasaray,Turkey,0.0,in,summer,Super Lig,2015,False,
Kasimpasa,Eray Birniçan,26,Turkey,Goalkeeper,GK,,Gaziantepspor,Turkey,0.0,in,summer,Super Lig,2015,False,
Kasimpasa,Ramazan Köse,27,Turkey,Goalkeeper,GK,,Genclerbirligi,Turkey,0.0,in,summer,Super Lig,2015,False,
Kasimpasa,Abdullah Durak,28,Turkey,Central Midfield,CM,,Kayserispor,Turkey,0.0,in,summer,Super Lig,2015,False,
Kasimpasa,Titi,27,Brazil,Centre-Back,CB,,EC Bahia,Brazil,0.0,in,summer,Super Lig,2015,False,
Kasimpasa,Olivier Veigneau,30,France,Left-Back,LB,,FC Nantes,France,0.0,in,summer,Super Lig,2015,False,
Kasimpasa,Ryan Babel,28,Netherlands,Left Winger,LW,,Al-Ain FC,United Arab Emirates,2500000.0,out,summer,Super Lig,2015,False,
Kasimpasa,Özer Hurmacı,28,Turkey,Attacking Midfield,AM,,Trabzonspor,Turkey,1500000.0,out,summer,Super Lig,2015,False,
Kasimpasa,Ertaç Özbir,25,Turkey,Goalkeeper,GK,,Y. Malatyaspor,Turkey,0.0,out,summer,Super Lig,2015,False,
Kasimpasa,Barış Başdaş,25,Turkey,Centre-Back,CB,,Göztepe,Turkey,0.0,out,summer,Super Lig,2015,False,
Kasimpasa,İlhan Eker,32,Turkey,Centre-Back,CB,,Without Club,,,out,summer,Super Lig,2015,False,
Kasimpasa,Sancak Kaplan,33,Turkey,Left-Back,LB,,,,,out,summer,Super Lig,2015,False,
Kasimpasa,Dogan Serttas,19,Turkey,Attacking Midfield,AM,,Without Club,,,out,summer,Super Lig,2015,False,
Kasimpasa,David Pavelka,24,Czech Republic,Central Midfield,CM,,Slovan Liberec,Czech Republic,1500000.0,in,winter,Super Lig,2015,False,
Kasimpasa,Strahil Popov,25,Bulgaria,Right-Back,RB,,Litex Lovech,Bulgaria,,in,winter,Super Lig,2015,False,
Kasimpasa,Fodé Koita,25,Guinea,Centre-Forward,CF,,Blackburn,England,,in,winter,Super Lig,2015,False,
Kasimpasa,Ryan Donk,29,Suriname,Centre-Back,CB,,Galatasaray,Turkey,2500000.0,out,winter,Super Lig,2015,False,
Kasimpasa,Kerem Şeras,32,Turkey,Defensive Midfield,DM,,Göztepe,Turkey,0.0,out,winter,Super Lig,2015,False,
Kasimpasa,Kubilay Aktaş,21,Turkey,Defensive Midfield,DM,,Without Club,,,out,winter,Super Lig,2015,False,
Kayserispor,Deniz Türüç,22,Turkey,Right Midfield,RM,2400000.0,Go Ahead Eagles,Netherlands,,in,summer,Super Lig,2015,False,
Kayserispor,Samba Sow,26,Mali,Defensive Midfield,DM,,Karabükspor,Turkey,0.0,in,summer,Super Lig,2015,False,
Kayserispor,Larrys Mabiala,27,DR Congo,Centre-Back,CB,,Karabükspor,Turkey,0.0,in,summer,Super Lig,2015,False,
Kayserispor,Abdulaziz Demircan,24,Turkey,Goalkeeper,GK,,Karabükspor,Turkey,0.0,in,summer,Super Lig,2015,False,
Kayserispor,Yakubu Aiyegbeni,32,Nigeria,Centre-Forward,CF,,Reading,England,0.0,in,summer,Super Lig,2015,False,
Kayserispor,Berkan Emir,27,Turkey,Left-Back,LB,,Balikesirspor,Turkey,,in,summer,Super Lig,2015,False,
Kayserispor,Okay Yokuşlu,21,Turkey,Defensive Midfield,DM,3000000.0,Trabzonspor,Turkey,2000000.0,out,summer,Super Lig,2015,False,
Kayserispor,Alper Uludağ,24,Turkey,Left-Back,LB,,Trabzonspor,Turkey,1000000.0,out,summer,Super Lig,2015,False,
Kayserispor,Bobô,30,Brazil,Centre-Forward,CF,,Grêmio,Brazil,0.0,out,summer,Super Lig,2015,False,
Kayserispor,Abdullah Durak,28,Turkey,Central Midfield,CM,,Kasimpasa,Turkey,0.0,out,summer,Super Lig,2015,False,
Kayserispor,Kamran Agayev,29,Azerbaijan,Goalkeeper,GK,,Karsiyaka,Turkey,0.0,out,summer,Super Lig,2015,False,
Kayserispor,Anıl Taşdemir,27,Turkey,Attacking Midfield,AM,,Adana Demirspor,Turkey,0.0,out,summer,Super Lig,2015,False,
Kayserispor,Serdar Kulbilge,35,Turkey,Goalkeeper,GK,,Elazigspor,Turkey,0.0,out,summer,Super Lig,2015,False,
Kayserispor,Çağlar Birinci,29,Turkey,Centre-Back,CB,,Karsiyaka,Turkey,0.0,out,summer,Super Lig,2015,False,
Kayserispor,Yener Arıca,23,Turkey,Attacking Midfield,AM,,Altinordu,Turkey,0.0,out,summer,Super Lig,2015,False,
Kayserispor,Mert Nobre,34,Brazil,Centre-Forward,CF,,FC Wil 1900,Switzerland,0.0,out,summer,Super Lig,2015,False,
Kayserispor,Cem Ekinci,25,Turkey,Right Winger,RW,,Eyüpspor,Turkey,0.0,out,summer,Super Lig,2015,False,
Kayserispor,Cemil Adıcan,28,Turkey,Centre-Back,CB,,Karabükspor,Turkey,0.0,out,summer,Super Lig,2015,False,
Kayserispor,Serkan Kurtuluş,25,Turkey,Right-Back,RB,,Karsiyaka,Turkey,0.0,out,summer,Super Lig,2015,False,
Kayserispor,Henrique Sereno,30,Portugal,Centre-Back,CB,,1.FSV Mainz 05,Germany,0.0,out,summer,Super Lig,2015,False,
Kayserispor,Mehmet Eren Boyraz,33,Turkey,Right Winger,RW,,Karsiyaka,Turkey,0.0,out,summer,Super Lig,2015,False,
Kayserispor,Turgut Şahin,27,Turkey,Left Winger,LW,,Without Club,,,out,summer,Super Lig,2015,False,
Kayserispor,Kayacan Erdoğan,28,Turkey,Goalkeeper,GK,,Without Club,,,out,summer,Super Lig,2015,False,
Kayserispor,Birol Parlak,25,Turkey,Centre-Back,CB,,Eskisehirspor,Turkey,0.0,in,winter,Super Lig,2015,False,
Kayserispor,Ali Ahamada,24,Comoros,Goalkeeper,GK,,Toulouse,France,0.0,in,winter,Super Lig,2015,False,
Kayserispor,William,24,Brazil,Centre-Forward,CF,,MSK Zilina,Slovakia,,in,winter,Super Lig,2015,False,
Kayserispor,Cüneyt Köz,23,Germany,Centre-Back,CB,,Balikesirspor,Turkey,0.0,out,winter,Super Lig,2015,False,
Kayserispor,Barış Özbek,29,Germany,Central Midfield,CM,,MSV Duisburg,Germany,0.0,out,winter,Super Lig,2015,False,
Kayserispor,Hakan Arıkan,33,Turkey,Goalkeeper,GK,,Without Club,,,out,winter,Super Lig,2015,False,
Kayserispor,İbrahim Dağaşan,31,Turkey,Defensive Midfield,DM,,Without Club,,,out,winter,Super Lig,2015,False,
Konyaspor,Riad Bajic,21,Bosnia-Herzegovina,Centre-Forward,CF,1400000.0,Zeljeznicar,Bosnia-Herzegovina,,in,summer,Super Lig,2015,False,
Konyaspor,Dossa Júnior,28,Cyprus,Centre-Back,CB,,Legia Warszawa,Poland,,in,summer,Super Lig,2015,False,
Konyaspor,Serkan Kırıntılı,30,Turkey,Goalkeeper,GK,,C. Rizespor,Turkey,0.0,in,summer,Super Lig,2015,False,
Konyaspor,Alban Meha,29,Kosovo,Attacking Midfield,AM,,SC Paderborn,Germany,0.0,in,summer,Super Lig,2015,False,
Konyaspor,Selçuk Alibaz,25,Turkey,Attacking Midfield,AM,,Erzgebirge Aue,Germany,0.0,in,summer,Super Lig,2015,False,
Konyaspor,Ibrahim Sissoko,23,Cote d'Ivoire,Attacking Midfield,AM,,Eskisehirspor,Turkey,0.0,in,summer,Super Lig,2015,False,
Konyaspor,Emre Can Atila,18,Turkey,Central Midfield,CM,,G.Birligi U21,Turkey,,in,summer,Super Lig,2015,False,
Konyaspor,Benjamin Fuchs,31,Austria,Right-Back,RB,,Göztepe,Turkey,0.0,out,summer,Super Lig,2015,False,
Konyaspor,Mehmet Güven,28,Turkey,Defensive Midfield,DM,,Osmanlispor,Turkey,0.0,out,summer,Super Lig,2015,False,
Konyaspor,Hasan Kabze,33,Turkey,Centre-Forward,CF,,Akhisar Belediye,Turkey,0.0,out,summer,Super Lig,2015,False,
Konyaspor,Ahmet Sabri Fener,23,Turkey,Goalkeeper,GK,,Gaziantep BB,Turkey,0.0,out,summer,Super Lig,2015,False,
Konyaspor,Barış Örücü,23,Turkey,Attacking Midfield,AM,,Alanyaspor,Turkey,0.0,out,summer,Super Lig,2015,False,
Konyaspor,Abdullah Çoban,24,Turkey,Left-Back,LB,,Amed SK,Turkey,0.0,out,summer,Super Lig,2015,False,
Konyaspor,Elvis Kokalovic,26,Croatia,Centre-Back,CB,,Karabükspor,Turkey,0.0,out,summer,Super Lig,2015,False,
Konyaspor,May Mahlangu,26,South Africa,Central Midfield,CM,,Without Club,,,out,summer,Super Lig,2015,False,
Konyaspor,Ciprian Marica,30,Romania,Centre-Forward,CF,,Without Club,,,out,summer,Super Lig,2015,False,
Konyaspor,Amir Hadziahmetovic,18,Bosnia-Herzegovina,Defensive Midfield,DM,8000000.0,Zeljeznicar,Bosnia-Herzegovina,,in,winter,Super Lig,2015,False,
Konyaspor,Barry Douglas,26,Scotland,Left-Back,LB,,Lech Poznan,Poland,,in,winter,Super Lig,2015,False,
Konyaspor,Nejc Skubic,26,Slovenia,Right-Back,RB,,NK Domzale,Slovenia,,in,winter,Super Lig,2015,False,
Konyaspor,Özgür Özkaya,27,Turkey,Left-Back,LB,,Boluspor,Turkey,0.0,out,winter,Super Lig,2015,False,
Konyaspor,Ugur İnceman,34,Turkey,Central Midfield,CM,,Roda JC,Netherlands,0.0,out,winter,Super Lig,2015,False,
Konyaspor,Kenan Özer,28,Turkey,Right Winger,RW,,Adana Demirspor,Turkey,0.0,out,winter,Super Lig,2015,False,
Konyaspor,Mário Felgueiras,29,Portugal,Goalkeeper,GK,,Paços Ferreira,Portugal,0.0,out,winter,Super Lig,2015,False,
Mersin Idmanyurdu,Isaac Promise,27,Nigeria,Right Winger,RW,,Balikesirspor,Turkey,0.0,in,summer,Super Lig,2015,False,
Mersin Idmanyurdu,Serkan Yanık,28,Turkey,Centre-Back,CB,,Gaziantep BB,Turkey,0.0,out,summer,Super Lig,2015,False,
Mersin Idmanyurdu,Cem Sultan,24,Turkey,Centre-Forward,CF,,Gümüshanespor,Turkey,0.0,out,summer,Super Lig,2015,False,
Mersin Idmanyurdu,Adem Güven,29,Norway,Centre-Forward,CF,,Kongsvinger,Norway,0.0,out,summer,Super Lig,2015,False,
Mersin Idmanyurdu,Efe Özarslan,25,Turkey,Centre-Back,CB,,Karsiyaka,Turkey,0.0,out,winter,Super Lig,2015,False,
Mersin Idmanyurdu,Oktay Delibalta,30,Turkey,Attacking Midfield,AM,,Antalyaspor,Turkey,0.0,out,winter,Super Lig,2015,False,
Mersin Idmanyurdu,Isaac Promise,28,Nigeria,Right Winger,RW,,Karabükspor,Turkey,0.0,out,winter,Super Lig,2015,False,
Mersin Idmanyurdu,Nikolay Mihaylov,27,Bulgaria,Goalkeeper,GK,,Without Club,,,out,winter,Super Lig,2015,False,
Mersin Idmanyurdu,Servet Çetin,34,Turkey,Centre-Back,CB,,Without Club,,,out,winter,Super Lig,2015,False,
Osmanlispor FK,Badou Ndiaye,24,Senegal,Central Midfield,CM,1200000.0,Bodø/Glimt,Norway,,in,summer,Super Lig,2015,False,
Osmanlispor FK,Takayuki Seto,29,Japan,Defensive Midfield,DM,,Astra Giurgiu,Romania,,in,summer,Super Lig,2015,False,
Osmanlispor FK,Lukasz Szukala,31,Poland,Centre-Back,CB,,Al-Ittihad Club,Saudi Arabia,0.0,in,summer,Super Lig,2015,False,
Osmanlispor FK,Raul Rusescu,27,Romania,Centre-Forward,CF,,Sevilla FC,Spain,0.0,in,summer,Super Lig,2015,False,
Osmanlispor FK,Ömer Kulga,26,Turkey,Centre-Back,CB,,Boluspor,Turkey,0.0,in,summer,Super Lig,2015,False,
Osmanlispor FK,Tiago Pinto,27,Portugal,Left-Back,LB,,Rio Ave,Portugal,0.0,in,summer,Super Lig,2015,False,
Osmanlispor FK,Avdija Vrsajevic,29,Bosnia-Herzegovina,Right-Back,RB,,Hajduk Split,Croatia,0.0,in,summer,Super Lig,2015,False,
Osmanlispor FK,Pierre Webó,33,Cameroon,Centre-Forward,CF,,Fenerbahce,Turkey,0.0,in,summer,Super Lig,2015,False,
Osmanlispor FK,Artur Moraes,34,Brazil,Goalkeeper,GK,,Benfica,Portugal,0.0,in,summer,Super Lig,2015,False,
Osmanlispor FK,Hakan Aslantaş,29,Turkey,Right-Back,RB,,Genclerbirligi,Turkey,0.0,in,summer,Super Lig,2015,False,
Osmanlispor FK,Musa Çağıran,22,Turkey,Central Midfield,CM,,Karabükspor,Turkey,0.0,in,summer,Super Lig,2015,False,
Osmanlispor FK,Mehmet Güven,28,Turkey,Defensive Midfield,DM,,Konyaspor,Turkey,0.0,in,summer,Super Lig,2015,False,
Osmanlispor FK,Ercüment Kafkasyalı,29,Turkey,Goalkeeper,GK,,Karabükspor,Turkey,0.0,out,summer,Super Lig,2015,False,
Osmanlispor FK,Burak Altıparmak,24,Turkey,Central Midfield,CM,,1.FC Magdeburg,Germany,0.0,out,summer,Super Lig,2015,False,
Osmanlispor FK,Muhammet Reis,30,Turkey,Attacking Midfield,AM,,Karabükspor,Turkey,0.0,out,summer,Super Lig,2015,False,
Osmanlispor FK,Mehmet Yıldız,33,Turkey,Centre-Forward,CF,,Ankaragücü,Turkey,0.0,out,summer,Super Lig,2015,False,
Osmanlispor FK,Furkan Şeker,23,Turkey,Right-Back,RB,,Denizlispor,Turkey,0.0,out,summer,Super Lig,2015,False,
Osmanlispor FK,Ahmet Güven,29,Turkey,Centre-Forward,CF,,Hatayspor,Turkey,0.0,out,summer,Super Lig,2015,False,
Osmanlispor FK,Kaiumzhan Sharipov,24,Kyrgyzstan,Right Winger,RW,,Elaziz Belediye,Turkey,0.0,out,summer,Super Lig,2015,False,
Osmanlispor FK,Ragıp Başdağ,37,Turkey,Defensive Midfield,DM,,Balikesirspor,Turkey,0.0,out,summer,Super Lig,2015,False,
Osmanlispor FK,Dilaver Güçlü,29,Turkey,Left Winger,LW,,Balikesirspor,Turkey,,out,summer,Super Lig,2015,False,
Osmanlispor FK,Raheem Lawal,25,Nigeria,Central Midfield,CM,,Eskisehirspor,Turkey,0.0,in,winter,Super Lig,2015,False,
Osmanlispor FK,Vaclav Prochazka,31,Czech Republic,Centre-Back,CB,,Viktoria Plzen,Czech Republic,,in,winter,Super Lig,2015,False,
Osmanlispor FK,Mahmut Boz,24,Turkey,Centre-Back,CB,,Orduspor,Turkey,,in,winter,Super Lig,2015,False,
Osmanlispor FK,Okan Baydemir,25,Turkey,Left Winger,LW,,Tuzlaspor,Turkey,,in,winter,Super Lig,2015,False,
Osmanlispor FK,Hakan Arıkan,33,Turkey,Goalkeeper,GK,,Without Club,,,in,winter,Super Lig,2015,False,
Osmanlispor FK,Hakan Aslantaş,30,Turkey,Right-Back,RB,,Genclerbirligi,Turkey,0.0,out,winter,Super Lig,2015,False,
Sivasspor,Jerónimo Barrales,28,Argentina,Centre-Forward,CF,,Asteras Tripoli,Greece,1500000.0,in,summer,Super Lig,2015,False,
Sivasspor,Yekta Kurtuluş,29,Turkey,Central Midfield,CM,,Galatasaray,Turkey,0.0,in,summer,Super Lig,2015,False,
Sivasspor,John Boye,28,Ghana,Centre-Back,CB,,K. Erciyesspor,Turkey,0.0,in,summer,Super Lig,2015,False,
Sivasspor,Djakaridja Koné,29,Burkina Faso,Defensive Midfield,DM,,Évian,France,0.0,in,summer,Super Lig,2015,False,
Sivasspor,Ernestas Setkus,30,Lithuania,Goalkeeper,GK,,AOK Kerkyra,Greece,0.0,in,summer,Super Lig,2015,False,
Sivasspor,Orhan Gülle,23,Turkey,Defensive Midfield,DM,,K. Erciyesspor,Turkey,0.0,in,summer,Super Lig,2015,False,
Sivasspor,Erkan Kaş,23,Turkey,Left-Back,LB,,Karabükspor,Turkey,0.0,in,summer,Super Lig,2015,False,
Sivasspor,Hakan Özmert,30,Turkey,Central Midfield,CM,,Karabükspor,Turkey,0.0,in,summer,Super Lig,2015,False,
Sivasspor,Yiğit İncedemir,30,Turkey,Defensive Midfield,DM,,Karabükspor,Turkey,0.0,in,summer,Super Lig,2015,False,
Sivasspor,Dani Abalo,27,Spain,Right Winger,RW,,Ludogorets,Bulgaria,0.0,in,summer,Super Lig,2015,False,
Sivasspor,Çağatay Çeken,23,Turkey,Right-Back,RB,,A. Üsküdar 1908,Turkey,,in,summer,Super Lig,2015,False,
Sivasspor,Manuel da Costa,29,Morocco,Centre-Back,CB,,Olympiacos,Greece,2000000.0,out,summer,Super Lig,2015,False,
Sivasspor,Kadir Bekmezci,29,Turkey,Defensive Midfield,DM,,Antalyaspor,Turkey,0.0,out,summer,Super Lig,2015,False,
Sivasspor,Cihan Özkara,24,Azerbaijan,Centre-Forward,CF,,Pr. Münster,Germany,0.0,out,summer,Super Lig,2015,False,
Sivasspor,Alican Karadağ,25,Turkey,Defensive Midfield,DM,,Boluspor,Turkey,0.0,out,summer,Super Lig,2015,False,
Sivasspor,Abdurrahman Dereli,34,Turkey,Right-Back,RB,,Balikesirspor,Turkey,0.0,out,summer,Super Lig,2015,False,
Sivasspor,Uğur Akdemir,26,Turkey,Right-Back,RB,,Adana Demirspor,Turkey,0.0,out,summer,Super Lig,2015,False,
Sivasspor,Deniz Öksüz,27,Turkey,Goalkeeper,GK,,Sancaktepe Bld,Turkey,,out,summer,Super Lig,2015,False,
Sivasspor,John Utaka,33,Nigeria,Left Winger,LW,,Without Club,,,out,summer,Super Lig,2015,False,
Sivasspor,David Texeira,25,Uruguay,Centre-Forward,CF,,Without Club,,,out,summer,Super Lig,2015,False,
Sivasspor,Joan Oumari,27,Lebanon,Centre-Back,CB,,FSV Frankfurt,Germany,,in,winter,Super Lig,2015,False,
Sivasspor,Hasan Kabze,33,Turkey,Centre-Forward,CF,,Akhisar Belediye,Turkey,0.0,in,winter,Super Lig,2015,False,
Sivasspor,Etzaz Hussain,22,Norway,Central Midfield,CM,,Molde FK,Norway,0.0,in,winter,Super Lig,2015,False,
Sivasspor,Cristian Tanase,28,Romania,Left Winger,LW,,TJ Teda,China,0.0,in,winter,Super Lig,2015,False,
Sivasspor,David Texeira,24,Uruguay,Centre-Forward,CF,,Dallas,United States,0.0,in,winter,Super Lig,2015,False,
Sivasspor,Emre Öztürk,23,Turkey,Centre-Back,CB,,K. Erciyesspor,Turkey,0.0,in,winter,Super Lig,2015,False,
Sivasspor,Gökhan Süzen,28,Turkey,Left-Back,LB,,Without Club,,,in,winter,Super Lig,2015,False,
Sivasspor,Dani Abalo,28,Spain,Right Winger,RW,,Alavés,Spain,0.0,out,winter,Super Lig,2015,False,
Sivasspor,Hakan Özmert,30,Turkey,Central Midfield,CM,,Basaksehir,Turkey,0.0,out,winter,Super Lig,2015,False,
Sivasspor,Yekta Kurtuluş,30,Turkey,Central Midfield,CM,,Antalyaspor,Turkey,0.0,out,winter,Super Lig,2015,False,
Sivasspor,Ümit Kurt,24,Turkey,Centre-Back,CB,,C. Rizespor,Turkey,,out,winter,Super Lig,2015,False,
Sivasspor,Michael Eneramo,30,Nigeria,Centre-Forward,CF,,Without Club,,,out,winter,Super Lig,2015,False,
Sivasspor,Batuhan Karadeniz,24,Turkey,Centre-Forward,CF,,Without Club,,,out,winter,Super Lig,2015,False,
Sivasspor,Jerónimo Barrales,28,Argentina,Centre-Forward,CF,,Without Club,,,out,winter,Super Lig,2015,False,
Trabzonspor,Dame N'Doye,30,Senegal,Centre-Forward,CF,,Hull City,England,3150000.0,in,summer,Super Lig,2015,False,
Trabzonspor,Okay Yokuşlu,21,Turkey,Defensive Midfield,DM,3000000.0,Kayserispor,Turkey,2000000.0,in,summer,Super Lig,2015,False,
Trabzonspor,Luis Pedro Cavanda,24,Belgium,Right-Back,RB,,Lazio,Italy,1750000.0,in,summer,Super Lig,2015,False,
Trabzonspor,Özer Hurmacı,28,Turkey,Attacking Midfield,AM,,Kasimpasa,Turkey,1500000.0,in,summer,Super Lig,2015,False,
Trabzonspor,Douglas,27,Netherlands,Centre-Back,CB,,Dinamo Moscow,Russia,1500000.0,in,summer,Super Lig,2015,False,
Trabzonspor,Alper Uludağ,24,Turkey,Left-Back,LB,,Kayserispor,Turkey,1000000.0,in,summer,Super Lig,2015,False,
Trabzonspor,Esteban Alvarado,26,Costa Rica,Goalkeeper,GK,,AZ Alkmaar,Netherlands,0.0,in,summer,Super Lig,2015,False,
Trabzonspor,Stéphane Mbia,29,Cameroon,Defensive Midfield,DM,,Sevilla FC,Spain,0.0,in,summer,Super Lig,2015,False,
Trabzonspor,Majeed Waris,23,Ghana,Second Striker,SS,,FC Lorient,France,4730000.0,out,summer,Super Lig,2015,False,
Trabzonspor,Gökhan Karadeniz,25,Turkey,Attacking Midfield,AM,,Göztepe,Turkey,,out,summer,Super Lig,2015,False,
Trabzonspor,Caner Osmanpaşa,27,Turkey,Centre-Back,CB,,Akhisar Belediye,Turkey,,out,summer,Super Lig,2015,False,
Trabzonspor,Abdulkadir Özdemir,24,Turkey,Defensive Midfield,DM,,Akhisar Belediye,Turkey,,out,summer,Super Lig,2015,False,
Trabzonspor,Fatih Öztürk,28,Turkey,Goalkeeper,GK,,Akhisar Belediye,Turkey,0.0,out,summer,Super Lig,2015,False,
Trabzonspor,Kadir Keleş,27,Turkey,Left-Back,LB,,Akhisar Belediye,Turkey,,out,summer,Super Lig,2015,False,
Trabzonspor,Alexandru Bourceanu,30,Romania,Defensive Midfield,DM,,Without Club,,,out,summer,Super Lig,2015,False,
Trabzonspor,Muhammet Demir,24,Turkey,Centre-Forward,CF,,Gaziantepspor,Turkey,2750000.0,in,winter,Super Lig,2015,False,
Trabzonspor,Güray Vural,27,Turkey,Left-Back,LB,,Akhisar Belediye,Turkey,,in,winter,Super Lig,2015,False,
Trabzonspor,Bosingwa,33,Portugal,Right-Back,RB,,Without Club,,,in,winter,Super Lig,2015,False,
Trabzonspor,Stéphane Mbia,29,Cameroon,Defensive Midfield,DM,,HB CFFC,China,6000000.0,out,winter,Super Lig,2015,False,
Trabzonspor,Serdar Gürler,24,Turkey,Left Winger,LW,2000000.0,Genclerbirligi,Turkey,0.0,out,winter,Super Lig,2015,False,
Trabzonspor,Carl Medjani,30,Algeria,Defensive Midfield,DM,,Levante,Spain,0.0,out,winter,Super Lig,2015,False,
Trabzonspor,Deniz Yılmaz,27,Azerbaijan,Centre-Forward,CF,,Bursaspor,Turkey,0.0,out,winter,Super Lig,2015,False,
Trabzonspor,Soner Aydoğdu,25,Turkey,Central Midfield,CM,,Akhisar Belediye,Turkey,,out,winter,Super Lig,2015,False,
Trabzonspor,Alper Uludağ,25,Turkey,Left-Back,LB,,Akhisar Belediye,Turkey,,out,winter,Super Lig,2015,False,
Trabzonspor,Bosingwa,33,Portugal,Right-Back,RB,,Without Club,,,out,winter,Super Lig,2015,False,
Trabzonspor,Kévin Constant,28,Guinea,Central Midfield,CM,,Without Club,,,out,winter,Super Lig,2015,False,
